{"cameraMode":{"drawMode":0,"name":"Shaded","section":"Shading Mode"},"sceneLighting":false,"audioPlay":false,"sceneViewState":{"m_AlwaysRefresh":false,"showFog":true,"showSkybox":false,"showFlares":true,"showImageEffects":true,"showParticleSystems":true,"showVisualEffectGraphs":true,"m_FxEnabled":true},"in2DMode":false,"pivot":{"x":-0.29732656478881838,"y":0.4921359419822693,"z":-4.354738235473633},"rotation":{"x":0.028222715482115747,"y":-0.947435736656189,"z":0.08722691237926483,"w":0.30655044317245486},"size":1.3289852142333985,"orthographic":false}