{"cameraMode":{"drawMode":0,"name":"Shaded","section":"Shading Mode"},"sceneLighting":true,"audioPlay":false,"sceneViewState":{"m_AlwaysRefresh":false,"showFog":true,"showSkybox":true,"showFlares":true,"showImageEffects":true,"showParticleSystems":true,"showVisualEffectGraphs":true,"m_FxEnabled":true},"in2DMode":false,"pivot":{"x":0.023684263229370118,"y":7.850856781005859,"z":-16.690509796142579},"rotation":{"x":-0.10792884230613709,"y":-0.0551847405731678,"z":0.006006435491144657,"w":-0.9926236867904663},"size":1.995094656944275,"orthographic":false}