{"cameraMode":{"drawMode":0,"name":"Shaded","section":"Shading Mode"},"sceneLighting":true,"audioPlay":false,"sceneViewState":{"m_AlwaysRefresh":false,"showFog":true,"showSkybox":true,"showFlares":true,"showImageEffects":true,"showParticleSystems":true,"showVisualEffectGraphs":true,"m_FxEnabled":true},"in2DMode":false,"pivot":{"x":0.5543378591537476,"y":1.6401762962341309,"z":-7.9173784255981449},"rotation":{"x":-0.009014854207634926,"y":0.9802049994468689,"z":-0.19238430261611939,"w":-0.045942507684230807},"size":1.8746951818466187,"orthographic":false}